<?xml version="1.0" encoding="UTF-8"?>
<!DOCTYPE fontscolors PUBLIC "-//NetBeans//DTD Editor Fonts and Colors settings 1.1//EN" "http://www.netbeans.org/dtds/EditorFontsColors-1_1.dtd">
<fontscolors>
    <fontcolor bgColor="ffeceba3" name="mark-occurrences"/>
    <fontcolor foreColor="cyan" name="identifier"/>
    <fontcolor default="field" foreColor="ffbbb469" name="markup-attribute"/>
    <fontcolor default="identifier" foreColor="ff7bf697" name="method"/>
    <fontcolor foreColor="white" name="string">
        <font name="Open Sans"/>
    </fontcolor>
    <fontcolor default="keyword" name="markup-element"/>
    <fontcolor default="string" name="markup-attribute-value"/>
    <fontcolor bgColor="ff2e0101" foreColor="red" name="error"/>
    <fontcolor default="default" foreColor="black" name="entity-reference">
        <font style="bold"/>
    </fontcolor>
    <fontcolor foreColor="ff57ab59" name="separator">
        <font name="Open Sans" size="12"/>
    </fontcolor>
    <fontcolor foreColor="ffff0066" name="operator"/>
    <fontcolor name="url"/>
    <fontcolor foreColor="ffffff5e" name="number"/>
    <fontcolor bgColor="black" foreColor="ffcee4f1" name="default">
        <font name="Consolas" size="13" style="plain"/>
    </fontcolor>
    <fontcolor default="identifier" name="field"/>
    <fontcolor foreColor="ffffb9a0" name="char">
        <font size="14"/>
    </fontcolor>
    <fontcolor name="warning" waveUnderlined="ffa1a15c"/>
    <fontcolor foreColor="darkGray" name="comment">
        <font size="12"/>
    </fontcolor>
    <fontcolor foreColor="ffff0099" name="keyword">
        <font style="bold"/>
    </fontcolor>
    <fontcolor foreColor="black" name="whitespace"/>
</fontscolors>
