<?xml version="1.0" encoding="UTF-8"?>
<!DOCTYPE fontscolors PUBLIC "-//NetBeans//DTD Editor Fonts and Colors settings 1.1//EN" "http://www.netbeans.org/dtds/EditorFontsColors-1_1.dtd">
<fontscolors>
    <fontcolor bgColor="ff006666" foreColor="white" name="mark-occurrences"/>
    <fontcolor foreColor="ff007c00" name="markup-attribute"/>
    <fontcolor name="private"/>
    <fontcolor foreColor="fffff4e2" name="string"/>
    <fontcolor name="deprecated" strikeThrough="darkGray"/>
    <fontcolor bgColor="red" foreColor="white" name="error"/>
    <fontcolor bgColor="darkGray" name="interface"/>
    <fontcolor name="entity-reference"/>
    <fontcolor foreColor="ffff6e27" name="operator">
        <font size="18" style="plain"/>
    </fontcolor>
    <fontcolor foreColor="ff00b176" name="number"/>
    <fontcolor bgColor="ff2b2b2b" foreColor="white" name="default">
        <font name="Comic Sans MS" size="18" style="bold+italic"/>
    </fontcolor>
    <fontcolor name="protected"/>
    <fontcolor name="public"/>
    <fontcolor foreColor="fffd971f" name="method-parameter">
        <font style="italic"/>
    </fontcolor>
    <fontcolor name="warning" waveUnderlined="yellow"/>
    <fontcolor foreColor="ffff33ff" name="keyword"/>
    <fontcolor bgColor="green" name="class">
        <font style="italic"/>
    </fontcolor>
    <fontcolor foreColor="ca600b08" name="local-variable"/>
    <fontcolor foreColor="fff1f80a" name="identifier"/>
    <fontcolor name="static">
        <font style="italic"/>
    </fontcolor>
    <fontcolor name="method">
        <font style="bold"/>
    </fontcolor>
    <fontcolor name="constructor">
        <font style="bold"/>
    </fontcolor>
    <fontcolor bgColor="white" foreColor="blue" name="markup-element"/>
    <fontcolor bgColor="black" default="string" foreColor="white" name="markup-attribute-value"/>
    <fontcolor name="abstract"/>
    <fontcolor foreColor="ff00b8ff" name="separator">
        <font style="bold"/>
    </fontcolor>
    <fontcolor name="enum"/>
    <fontcolor name="url" underline="ff4e5d93"/>
    <fontcolor foreColor="ff098618" name="field">
        <font style="bold"/>
    </fontcolor>
    <fontcolor foreColor="ff00b478" name="char"/>
    <fontcolor foreColor="ffff786e" name="comment"/>
    <fontcolor foreColor="gray" name="unused" waveUnderlined="pink"/>
    <fontcolor name="whitespace"/>
</fontscolors>
