<?xml version="1.0" encoding="UTF-8"?>
<!DOCTYPE fontscolors PUBLIC "-//NetBeans//DTD Editor Fonts and Colors settings 1.1//EN" "http://www.netbeans.org/dtds/EditorFontsColors-1_1.dtd">
<fontscolors>
    <fontcolor bgColor="ff0a9cf5" foreColor="black" name="nbeditor-bracesMatching-match"/>
    <fontcolor name="text-limit-line-color"/>
    <fontcolor name="code-folding"/>
    <fontcolor name="synchronized-text-blocks-ext"/>
    <fontcolor name="nbeditor-bracesMatching-mismatch"/>
    <fontcolor bgColor="darkGray" name="highlight-caret-row"/>
    <fontcolor bgColor="yellow" name="caret-color-overwrite-mode"/>
    <fontcolor name="status-bar"/>
    <fontcolor bgColor="darkGray" name="guarded"/>
    <fontcolor name="trailing-whitespace"/>
    <fontcolor foreColor="white" name="nbeditor-bracesMatching-mismatch-multichar"/>
    <fontcolor foreColor="ffcccccc" name="code-folding-border"/>
    <fontcolor name="west-sidebars-color"/>
    <fontcolor name="status-bar-bold"/>
    <fontcolor foreColor="ff6666ff" name="nbeditor-bracesMatching-sidebar"/>
    <fontcolor name="line-number"/>
    <fontcolor bgColor="darkGray" name="readonly-files"/>
    <fontcolor bgColor="gray" foreColor="yellow" name="highlight-search"/>
    <fontcolor name="code-folding-bar"/>
    <fontcolor name="synchronized-text-blocks-ext-slave"/>
    <fontcolor foreColor="ff0a9cf5" name="indent-guide-lines"/>
    <fontcolor name="indent-whitespace"/>
    <fontcolor bgColor="ffe0e8f1" name="block-search"/>
    <fontcolor bgColor="ff003366" foreColor="white" name="selection"/>
    <fontcolor foreColor="magenta" name="inc-search"/>
    <fontcolor foreColor="magenta" name="nbeditor-bracesMatching-match-multichar"/>
    <fontcolor foreColor="green" name="caret-color-insert-mode"/>
    <fontcolor foreColor="blue" name="hyperlinks" underline="blue"/>
</fontscolors>
